building_id,edge_no,x_epsg5179,y_epsg5179,lat,lon,alt
BLD01000000HI2F2S,1,1145409.4866703702,1735211.2368473406,35.602309451053635,129.10528358214174,151.5
BLD01000000HI2F2S,1,1145409.4866703702,1735211.2368473406,35.602309451053635,129.10528358214174,151.809998
BLD01000000HI2F2S,2,1145408.5375079105,1735221.081674232,35.602398321976864,129.1052748798483,151.5
BLD01000000HI2F2S,2,1145408.5375079105,1735221.081674232,35.602398321976864,129.1052748798483,151.809998
BLD01000000HI2F2S,3,1145418.1841894763,1735223.522892881,35.602418906117165,129.1053817790368,151.5
BLD01000000HI2F2S,3,1145418.1841894763,1735223.522892881,35.602418906117165,129.1053817790368,151.809998
BLD01000000HI2F2S,4,1145418.234524488,1735221.8500146386,35.6024038210766,129.10538203330927,151.5
BLD01000000HI2F2S,4,1145418.234524488,1735221.8500146386,35.6024038210766,129.10538203330927,151.809998
BLD01000000HI2F2S,5,1145421.6640200699,1735221.9586664892,35.602404296024645,129.10541990037754,151.5
BLD01000000HI2F2S,5,1145421.6640200699,1735221.9586664892,35.602404296024645,129.10541990037754,151.809998
BLD01000000HI2F2S,6,1145421.4189107753,1735211.5991104175,35.60231096147267,129.1054153300007,151.5
BLD01000000HI2F2S,6,1145421.4189107753,1735211.5991104175,35.60231096147267,129.1054153300007,151.809998
BLD01000000HI4LJH,1,1145976.1192061948,1735109.6055655004,35.601309968797395,129.11151848201754,134.5242
BLD01000000HI4LJH,1,1145976.1192061948,1735109.6055655004,35.601309968797395,129.11151848201754,136.0242
BLD01000000HI4LJH,2,1145978.0858163391,1735106.1602909768,35.601278626354045,129.11153956222154,134.5242
BLD01000000HI4LJH,2,1145978.0858163391,1735106.1602909768,35.601278626354045,129.11153956222154,136.0242
BLD01000000HI4LJH,2,1145972.05988329,1735101.3608701837,35.601236258831705,129.11147219444788,134.5242
BLD01000000HI4LJH,2,1145972.05988329,1735101.3608701837,35.601236258831705,129.11147219444788,136.0242
BLD01000000HI4LJH,3,1145966.0339502406,1735096.5614493906,35.60119389126954,129.11140482674466,134.5242
BLD01000000HI4LJH,3,1145966.0339502406,1735096.5614493906,35.60119389126954,129.11140482674466,136.0242
BLD01000000HI4LJH,4,1145963.4959615308,1735099.6149891343,35.60122178733324,129.11137737015733,134.5242
BLD01000000HI4LJH,4,1145963.4959615308,1735099.6149891343,35.60122178733324,129.11137737015733,136.0242
BLD01000000HI4LJH,4,1145969.807583863,1735104.6102773175,35.60126587808714,129.11144792604907,134.5242
BLD01000000HI4LJH,4,1145969.807583863,1735104.6102773175,35.60126587808714,129.11144792604907,136.0242
BLD01000000FL994W,1,1145848.389279449,1735918.1569708048,35.60861626237486,129.11025492943372,256.520004
BLD01000000FL994W,1,1145848.389279449,1735918.1569708048,35.60861626237486,129.11025492943372,260.690002
BLD01000000FL994W,2,1145852.0290942022,1735930.8964995542,35.6087305462869,129.11029740243646,256.520004
BLD01000000FL994W,2,1145852.0290942022,1735930.8964995542,35.6087305462869,129.11029740243646,260.690002
BLD01000000FL994W,3,1145858.6438870167,1735928.2033956852,35.608705297560576,129.11036992153,256.520004
BLD01000000FL994W,3,1145858.6438870167,1735928.2033956852,35.608705297560576,129.11036992153,260.690002
BLD01000000FL994W,4,1145853.8354066415,1735916.0516416347,35.60859648367896,129.11031465640784,256.520004
BLD01000000FL994W,4,1145853.8354066415,1735916.0516416347,35.60859648367896,129.11031465640784,260.690002
BLD010000003A8HP1,1,1145808.9625046756,1735938.8001705557,35.60880813435797,129.10982351575313,257.98999
BLD010000003A8HP1,1,1145808.9625046756,1735938.8001705557,35.60880813435797,129.10982351575313,261.190002
BLD010000003A8HP1,2,1145809.7666459442,1735940.2885701223,35.608821430649314,129.10983265965578,257.98999
BLD010000003A8HP1,2,1145809.7666459442,1735940.2885701223,35.608821430649314,129.10983265965578,261.190002
BLD010000003A8HP1,3,1145806.8028147414,1735942.477160027,35.60884159344666,129.10980034388282,257.98999
BLD010000003A8HP1,3,1145806.8028147414,1735942.477160027,35.60884159344666,129.10980034388282,261.190002
BLD010000003A8HP1,3,1145810.815556387,1735949.2403677935,35.608901958168914,129.1098458529317,257.98999
BLD010000003A8HP1,3,1145810.815556387,1735949.2403677935,35.608901958168914,129.1098458529317,261.190002
BLD010000003A8HP1,4,1145814.8282980327,1735956.0035755597,35.6089623228716,129.10989136205012,257.98999
BLD010000003A8HP1,4,1145814.8282980327,1735956.0035755597,35.6089623228716,129.10989136205012,261.190002
BLD010000003A8HP1,5,1145823.7342413045,1735950.4558128926,35.60891100750807,129.1099886527403,257.98999
BLD010000003A8HP1,5,1145823.7342413045,1735950.4558128926,35.60891100750807,129.1099886527403,261.190002
BLD010000003A8HP1,6,1145817.90012722,1735937.3297264406,35.60879356309872,129.1099218923522,257.98999
BLD010000003A8HP1,6,1145817.90012722,1735937.3297264406,35.60879356309872,129.1099218923522,261.190002
BLD010000003A8HP1,7,1145816.4617077934,1735938.2630961533,35.608802187681505,129.10990618547598,257.98999
BLD010000003A8HP1,7,1145816.4617077934,1735938.2630961533,35.608802187681505,129.10990618547598,261.190002
BLD010000003A8HP1,8,1145814.7774211324,1735935.1168817615,35.608774079386095,129.10988702821967,257.98999
BLD010000003A8HP1,8,1145814.7774211324,1735935.1168817615,35.608774079386095,129.10988702821967,261.190002
BLD0100000039TJ86,10,1145852.5211943393,1735997.0824303825,35.609327004866394,129.11031479053864,237.899994
BLD0100000039TJ86,10,1145852.5211943393,1735997.0824303825,35.609327004866394,129.11031479053864,238.210007
BLD01000000CKLK6H,1,1145861.305183945,1735121.0827773956,35.60143035397291,129.11025350146951,137.270004
BLD01000000CKLK6H,1,1145861.305183945,1735121.0827773956,35.60143035397291,129.11025350146951,138.429993
BLD01000000CKLK6H,2,1145852.703307076,1735120.9382399123,35.60143031997924,129.11015854745384,137.270004
BLD01000000CKLK6H,2,1145852.703307076,1735120.9382399123,35.60143031997924,129.11015854745384,138.429993
BLD01000000CKLK6H,3,1145852.603775191,1735126.8739596312,35.601483833137536,129.11015852097574,137.270004
BLD01000000CKLK6H,3,1145852.603775191,1735126.8739596312,35.601483833137536,129.11015852097574,138.429993
BLD01000000CKLK6H,4,1145861.053488988,1735127.0159332713,35.60148386646546,129.11025179536136,137.270004
BLD01000000CKLK6H,4,1145861.053488988,1735127.0159332713,35.60148386646546,129.11025179536136,138.429993
BLD01000000FL5AB0,1,1145864.711954498,1735143.8380503932,35.601634944109726,129.11029520735477,138.929993
BLD01000000FL5AB0,1,1145864.711954498,1735143.8380503932,35.601634944109726,129.11029520735477,141.429993
BLD01000000FL5AB0,2,1145863.0614394043,1735134.9484114018,35.601555065497756,129.1102753871845,138.929993
BLD01000000FL5AB0,2,1145863.0614394043,1735134.9484114018,35.601555065497756,129.1102753871845,141.429993
BLD01000000FL5AB0,3,1145857.768321629,1735136.206195908,35.601567182595254,129.1102172008756,138.929993
BLD01000000FL5AB0,3,1145857.768321629,1735136.206195908,35.601567182595254,129.1102172008756,141.429993
BLD01000000FL5AB0,4,1145859.0373504572,1735145.0485234947,35.60164669106969,129.1102328024602,138.929993
BLD01000000FL5AB0,4,1145859.0373504572,1735145.0485234947,35.60164669106969,129.1102328024602,141.429993
BLD0100000039ULKL,3,1145897.4219416163,1735083.4430506567,35.60108578042898,129.11064527651217,134.660004
BLD0100000039ULKL,3,1145897.4219416163,1735083.4430506567,35.60108578042898,129.11064527651217,135.100006
BLD0100000039ULKL,4,1145901.1490291625,1735091.3077736879,35.601156115074176,129.11068782815926,134.660004
BLD0100000039ULKL,4,1145901.1490291625,1735091.3077736879,35.601156115074176,129.11068782815926,135.100006
BLD0100000039U7J6,1,1145902.0685841313,1735081.6504596423,35.60106893831832,129.11069623150408,135.580002
BLD0100000039U7J6,2,1145908.114935778,1735091.684555243,35.60115848324599,129.1107647697462,134.779999
BLD0100000039U7J6,2,1145908.114935778,1735091.684555243,35.60115848324599,129.1107647697462,135.580002
BLD0100000039U7J6,2,1145914.5976496206,1735087.7759387787,35.601122298500194,129.11083560476044,134.779999
BLD0100000039U7J6,2,1145914.5976496206,1735087.7759387787,35.601122298500194,129.11083560476044,135.580002
BLD0100000039U7J6,3,1145921.0803634631,1735083.867322314,35.601086113714196,129.11090643970988,134.779999
BLD0100000039U7J6,3,1145921.0803634631,1735083.867322314,35.601086113714196,129.11090643970988,135.580002
BLD0100000039U7J6,4,1145914.753876203,1735072.764217805,35.60098697525706,129.11083461676762,134.779999
BLD0100000039U7J6,4,1145914.753876203,1735072.764217805,35.60098697525706,129.11083461676762,135.580002
BLD0100000039U7J6,4,1145908.4112301671,1735077.2073387236,35.601027956806774,129.1107654241715,134.779999
BLD0100000039U7J6,4,1145908.4112301671,1735077.2073387236,35.601027956806774,129.1107654241715,135.580002
BLD010000003A8IAN,1,1145925.7513077827,1735070.075437812,35.60096111864107,129.11095549484514,133.160004
BLD010000003A8IAN,1,1145925.7513077827,1735070.075437812,35.60096111864107,129.11095549484514,134.839996
BLD010000003A8IAN,2,1145922.2661399026,1735061.6703308832,35.60088587793109,129.11091551518507,133.160004
BLD010000003A8IAN,2,1145922.2661399026,1735061.6703308832,35.60088587793109,129.11091551518507,134.839996
BLD010000003A8IAN,3,1145914.4630372368,1735065.141063878,35.600918310910515,129.11083002995838,133.160004
BLD010000003A8IAN,3,1145914.4630372368,1735065.141063878,35.600918310910515,129.11083002995838,134.839996
BLD010000003A8IAN,4,1145917.9893551175,1735072.715232984,35.60098605636068,129.11087031355183,133.160004
BLD010000003A8IAN,4,1145917.9893551175,1735072.715232984,35.60098605636068,129.11087031355183,134.839996
BLD010000003A8HJV,1,1145989.7990646774,1735111.4605645854,35.601324668421675,129.1116697840935,135.880005
BLD010000003A8HJV,1,1145989.7990646774,1735111.4605645854,35.601324668421675,129.1116697840935,135.990005
BLD010000003A8HJV,4,1145993.679971156,1735100.8594313834,35.60122854783628,129.11171069632042,135.880005
BLD010000003A8HJV,4,1145993.679971156,1735100.8594313834,35.60122854783628,129.11171069632042,135.990005
BLD0100000039TJJH,1,1145992.254193884,1735148.9987513302,35.601662636360665,129.11170366365815,140.720001
BLD0100000039TJJH,1,1145992.254193884,1735148.9987513302,35.601662636360665,129.11170366365815,141.279999
BLD0100000039TJJH,2,1145996.629311821,1735150.1307385105,35.601672193007985,129.11175215097091,140.720001
BLD0100000039TJJH,2,1145996.629311821,1735150.1307385105,35.601672193007985,129.11175215097091,141.279999
BLD0100000039TJJH,3,1145996.0784204295,1735152.7811393472,35.60169616230929,129.1117465505839,140.720001
BLD0100000039TJJH,3,1145996.0784204295,1735152.7811393472,35.60169616230929,129.1117465505839,141.279999
BLD0100000039TJJH,6,1145992.2749929312,1735141.3451020978,35.601593651214614,129.11170250968843,140.720001
BLD0100000039TJJH,6,1145992.2749929312,1735141.3451020978,35.601593651214614,129.11170250968843,141.279999
BLD01000000FL5GFA,1,1145346.9583431978,1735322.3365737672,35.60331998487592,129.1046135228398,168.690002
BLD01000000FL5GFA,1,1145346.9583431978,1735322.3365737672,35.60331998487592,129.1046135228398,171.0
BLD01000000FL5GFA,2,1145339.5589710397,1735317.8180640396,35.60328034716199,129.10453105008753,168.690002
BLD01000000FL5GFA,2,1145339.5589710397,1735317.8180640396,35.60328034716199,129.10453105008753,171.0
BLD01000000FL5GFA,3,1145336.3386259028,1735322.893261884,35.60332656321518,129.10449642370665,168.690002
BLD01000000FL5GFA,3,1145336.3386259028,1735322.893261884,35.60332656321518,129.10449642370665,171.0
BLD01000000FL5GFA,4,1145344.0799579849,1735327.5308820743,35.60336722423069,129.10458269180384,168.690002
BLD01000000FL5GFA,4,1145344.0799579849,1735327.5308820743,35.60336722423069,129.10458269180384,171.0
